month,egg_crate,egg,beans_brown,beans_white,bone_beef,boneless_beef,bread_sliced,bread_unsliced,rice_ofada,catfish_fresh,catfish_dried,catfish_smoked,chicken_feet,chicken_wings,dried_fish_sardine,tin_milk,tin_milk_peak,frozen_chicken,garri_white,garri_yellow,groundnut_oil,iced_sardine,irish_potato,mackerel_frozen,maize_white,maize_yellow,mudfish_aro,mudfish_dried,onion,palm_oil,plantain_ripe,plantain_unripe,rice_agric,rice_local,rice_medium_grained,rice_imported,sweet_potato,tilapia_fish,titus_frozen,Tomato,vegetable_oil,wheat_flour,yam_tuber
17-Jan,512.99,47.42,353.60,305.53,1001.24,1249.48,302.87,270.25,377.41,899.58,2204.12,817.09,765.28,919.09,959.11,136.29,157.75,1419.75,219.56,255.83,477.86,1879.96,300.95,759.01,167.11,168.77,994.37,1812.03,258.92,420.62,234.25,212.49,324.01,286.19,312.08,402.01,129.43,792.18,884.82,247.55,495.29,626.53,210.58
17-Feb,520.16,42.90,337.11,309.85,995.65,1270.67,299.75,264.86,392.04,885.13,2150.18,825.35,785.42,963.46,935.51,140.53,166.14,1428.95,260.94,250.45,482.94,1915.68,307.29,764.62,172.86,174.72,998.71,1955.10,241.44,434.81,234.28,214.41,355.41,306.29,352.69,410.58,127.23,795.27,942.23,236.62,507.36,621.39,215.55
17-Mar,507.69,43.93,353.28,318.45,1010.29,1281.71,297.51,262.33,421.54,884.15,2189.55,834.26,907.51,980.88,958.67,143.56,177.05,1555.51,273.67,302.05,494.10,1902.15,311.81,774.89,174.03,178.79,1079.16,2084.81,246.95,442.04,236.65,215.80,360.89,308.87,377.99,418.71,132.94,798.07,964.63,268.64,513.42,623.10,255.86
17-Apr,518.66,46.22,357.19,324.04,1035.45,1323.10,296.63,277.69,425.53,886.65,2189.10,837.09,768.11,886.58,972.73,151.47,197.15,1606.63,288.45,320.92,494.24,1927.97,318.88,778.15,182.94,185.61,1008.95,2319.91,205.60,452.42,240.71,221.79,324.76,299.30,332.81,388.46,132.43,800.77,935.00,285.72,525.72,627.33,250.30
17-May,522.71,45.73,365.86,332.28,1123.65,1378.91,307.70,282.26,460.10,900.73,2213.66,845.91,819.59,925.55,991.64,157.95,198.42,1605.97,292.97,326.83,500.19,1919.64,315.86,785.37,188.90,190.59,1047.28,2388.05,203.56,458.24,241.48,224.65,347.73,323.82,350.36,410.55,130.28,805.21,969.64,339.72,524.77,646.18,279.15
17-Jun,514.66,45.28,374.26,339.64,1129.02,1393.42,320.58,286.78,472.29,916.55,2255.24,848.41,832.79,952.18,989.49,162.80,194.67,1645.29,315.61,354.55,503.28,1916.19,319.30,794.64,190.33,191.36,1071.13,2416.28,214.79,471.28,249.71,228.46,352.09,325.51,348.23,415.84,135.77,817.62,1012.18,375.00,546.29,632.09,292.06
17-Jul,498.50,44.32,382.35,343.96,1128.94,1376.91,314.47,285.55,473.40,910.57,2215.25,853.18,832.66,958.05,968.76,162.72,195.94,1623.84,317.10,350.46,505.12,1915.25,311.40,795.82,191.33,193.02,1080.33,2395.79,213.14,478.75,251.27,223.47,354.08,323.25,344.40,409.20,137.96,823.34,1014.54,394.13,552.91,630.47,294.12
17-Aug,485.19,42.92,370.25,335.71,1151.38,1276.85,304.20,258.70,415.34,921.17,2176.82,852.93,834.74,946.93,972.65,158.85,190.53,1529.25,310.15,345.82,508.33,1904.67,310.48,797.77,192.44,193.43,998.57,2161.70,236.66,492.90,254.02,226.26,349.64,320.19,313.45,384.35,138.56,820.29,998.01,431.30,559.01,647.29,343.39
17-Sep,487.51,45.72,404.84,358.13,1078.49,1324.93,310.62,286.33,431.59,894.52,2159.00,839.49,817.19,979.32,947.60,174.36,206.00,1570.26,301.99,335.94,477.97,1878.46,307.46,785.57,168.12,168.19,1069.92,2204.04,238.29,439.88,231.70,215.96,351.09,316.40,339.47,398.01,139.00,795.64,973.99,322.39,505.51,627.00,259.51
17-Oct,472.85,42.06,382.58,342.05,1081.30,1312.73,305.88,280.34,416.18,906.94,2083.74,845.10,800.10,960.71,967.00,170.60,198.67,1580.13,268.10,305.02,504.03,1914.45,291.12,828.93,191.15,191.10,1074.73,2190.22,217.58,473.61,247.38,229.88,325.93,292.90,320.64,368.90,115.73,822.39,1050.38,291.53,547.11,641.41,223.63
17-Nov,463.11,40.82,369.78,337.09,1065.59,1286.86,298.96,274.32,417.24,902.02,2214.33,847.66,790.91,953.60,968.77,169.44,196.02,1571.48,251.91,289.15,503.79,1903.71,290.55,844.59,185.13,189.88,1081.61,2144.20,228.46,475.51,244.89,233.27,315.14,278.89,309.87,360.83,111.36,813.77,1125.88,286.39,540.20,649.19,212.27
17-Dec,494.43,41.32,361.97,314.93,1067.73,1236.44,290.05,268.23,319.86,919.82,2146.61,1007.40,1155.99,950.56,1077.82,159.72,191.44,1708.64,199.68,219.75,660.36,1545.26,314.23,1015.57,154.37,161.90,1060.02,1621.42,311.09,551.77,240.84,253.05,317.46,278.94,304.90,371.21,120.19,1158.84,1109.21,276.18,565.04,639.24,211.61
18-Jan,437.13,38.85,385.53,344.52,1045.55,1298.70,313.43,282.12,413.19,1014.62,1852.92,1540.80,850.00,950.77,1455.50,172.24,196.71,1547.50,229.26,271.35,528.59,861.07,232.87,915.27,190.51,180.00,1099.77,2134.65,248.74,480.92,273.71,248.72,322.81,274.66,308.53,360.76,113.36,864.05,894.70,271.99,540.25,655.15,226.51
18-Feb,519.07,41.27,387.48,348.55,1017.28,1274.71,314.17,284.36,405.69,1037.33,1857.25,1896.94,778.64,954.99,1405.75,166.55,191.14,1548.87,210.21,250.06,571.10,885.14,250.93,875.31,185.20,199.84,1098.63,2066.03,252.03,510.10,257.63,232.19,322.81,276.28,314.77,365.21,126.44,885.65,901.49,267.10,549.02,646.00,230.85
18-Mar,527.32,41.21,395.34,357.04,1024.64,1262.51,305.88,278.61,399.47,1008.28,1793.58,1524.75,772.99,935.83,1410.11,158.51,187.61,1544.95,209.12,243.99,585.15,899.67,261.75,915.92,231.56,193.82,1069.90,1945.30,235.31,492.13,259.83,242.48,326.56,283.57,317.17,363.33,130.30,890.10,905.76,267.09,533.45,657.64,254.51
18-Apr,552.09,42.25,395.19,355.32,980.26,1257.73,306.54,278.61,400.94,993.54,1753.53,1514.53,758.88,921.49,1371.80,160.22,188.14,1537.85,208.21,246.50,584.47,907.89,282.06,896.40,173.45,191.05,1039.02,1912.69,234.37,486.84,262.31,235.70,322.54,281.51,323.56,369.35,137.40,889.52,898.62,289.49,548.01,649.92,279.61
18-May,548.66,41.77,407.73,367.23,1011.11,1275.77,305.98,278.11,405.03,1013.11,1779.71,1520.93,782.55,925.54,1399.97,165.26,192.93,1536.52,216.01,256.51,601.51,941.45,300.58,927.22,180.50,195.72,1062.74,1928.19,234.04,494.91,273.48,247.09,327.84,286.16,325.37,374.63,150.55,924.12,921.04,307.14,553.23,659.51,291.33
18-Jun,539.75,41.38,418.78,369.43,1034.57,1271.54,308.00,275.60,404.43,1062.43,1770.53,1527.82,784.78,960.56,1378.57,166.23,189.93,1537.25,216.72,259.83,612.45,923.47,297.09,908.91,183.69,197.27,1070.62,1941.91,240.01,499.98,276.60,248.47,331.14,280.76,323.12,373.47,148.68,939.36,950.28,317.67,552.08,660.13,285.84
18-Jul,471.75,41.22,411.02,361.33,1028.12,1262.73,305.25,272.71,403.56,1064.74,1792.12,1504.39,930.50,963.05,1395.41,165.74,187.84,1541.37,200.67,248.72,603.58,940.53,296.59,922.91,179.39,190.44,1065.56,1907.21,246.91,496.43,270.77,248.58,325.13,276.29,319.35,370.79,163.30,935.16,924.77,336.29,547.90,657.58,280.83
18-Aug,474.13,41.79,410.16,361.68,1061.78,1281.02,307.97,278.27,397.29,1088.95,1807.11,1512.40,803.03,992.48,1382.94,162.99,184.25,1533.22,198.82,246.75,603.41,937.22,309.50,926.18,180.09,191.06,1104.81,1897.08,252.09,501.13,275.78,247.06,327.02,280.29,322.55,375.02,167.08,947.79,946.55,336.65,540.44,661.06,292.97
18-Sep,472.73,41.17,416.07,362.71,1027.66,1281.64,303.84,278.57,384.49,1089.25,1766.55,1499.60,808.05,1012.50,1374.26,166.28,189.29,1534.18,195.86,253.70,608.35,931.59,291.95,944.50,179.90,189.81,1072.12,1908.02,251.30,501.02,272.60,244.26,328.42,277.78,319.46,371.32,167.28,979.22,941.50,328.26,546.85,651.87,280.28
18-Oct,482.90,41.73,411.05,354.22,1003.35,1260.59,299.19,272.91,370.21,1080.38,2362.28,1482.30,775.66,982.51,1365.68,163.34,187.25,1558.22,188.39,236.26,592.51,916.80,300.14,920.99,171.14,178.38,1052.07,1874.37,232.81,495.07,245.62,226.56,323.27,277.87,314.89,373.04,154.73,923.12,923.92,306.59,536.08,656.80,252.21
18-Nov,477.76,42.40,396.73,346.41,998.67,1251.45,305.48,277.87,385.61,1112.09,1814.97,1490.84,985.33,981.48,1331.62,162.42,187.56,1551.25,183.59,222.42,603.90,920.98,330.10,937.77,165.03,168.92,1067.10,1894.29,287.66,496.18,254.08,225.54,329.14,278.46,318.94,376.63,147.70,934.07,1105.17,294.36,536.53,659.65,239.15
18-Dec,466.97,42.58,386.78,344.72,997.73,1270.81,296.91,271.14,381.64,1060.83,1808.55,1519.80,737.76,943.99,1342.97,163.28,189.98,1625.05,166.64,195.99,585.52,906.39,298.59,934.19,161.49,160.42,1032.24,1861.66,259.38,474.53,227.28,215.73,321.58,280.79,318.00,370.57,140.70,887.54,926.42,271.51,507.83,662.89,212.65
19-Jan,469.86,42.18,382.76,336.72,994.20,1273.99,300.61,272.97,382.15,1073.51,1814.67,1509.19,749.53,961.89,1342.79,164.39,190.68,1614.19,165.80,191.78,588.60,906.02,290.55,933.94,158.63,159.91,1054.49,1856.34,257.99,477.09,229.51,217.37,322.45,281.49,317.63,366.04,139.65,910.91,935.02,265.49,516.72,665.12,211.21
19-Feb,464.27,42.23,373.91,338.05,980.54,1254.99,299.11,271.74,385.81,1066.39,1799.35,1517.84,731.91,932.32,1380.38,161.60,190.92,1632.71,166.61,191.06,585.69,911.33,284.31,931.39,155.59,158.29,1014.20,1824.01,244.30,462.27,225.98,218.36,316.08,281.25,314.53,364.39,137.46,876.13,945.71,256.51,509.14,664.78,206.49
19-Mar,459.81,41.92,368.07,330.76,980.12,1253.48,299.98,273.14,382.45,1065.14,1791.90,1517.26,727.61,927.20,1381.40,161.98,188.23,1910.70,163.51,184.18,580.55,908.81,278.92,935.30,147.83,151.26,1015.53,1825.51,231.91,460.32,223.13,212.53,314.88,280.80,313.55,361.90,134.72,876.36,945.66,240.30,506.65,663.90,200.88
19-Apr,467.18,41.95,372.84,329.45,1025.26,1271.10,297.87,271.49,381.13,1082.01,1763.61,1548.23,746.28,947.99,1414.37,161.68,188.18,1681.11,163.37,182.59,578.52,941.44,289.67,958.05,151.70,155.90,1037.90,1826.70,232.30,461.05,228.34,220.91,319.59,282.78,316.30,357.55,141.61,894.12,974.94,257.25,501.09,668.76,222.36
19-May,464.87,42.82,365.32,329.66,1023.39,1268.95,297.28,272.09,377.77,1063.03,1766.55,1552.13,727.73,934.05,1414.49,163.37,189.51,1701.62,161.55,180.75,573.40,925.31,288.86,942.42,149.60,154.37,1026.85,1826.77,228.26,456.41,226.34,217.15,321.56,278.26,316.94,361.39,140.83,884.47,949.22,249.52,496.64,668.37,216.03
19-Jun,495.33,39.31,342.82,311.40,1003.20,1240.44,292.73,274.49,373.49,1024.68,1727.36,1528.98,693.61,905.44,1394.73,156.95,188.90,1752.97,145.31,156.02,558.30,899.83,274.10,926.08,140.41,143.25,991.45,1786.80,208.87,461.52,220.44,207.37,318.26,271.10,308.07,352.83,135.20,845.73,940.57,226.07,495.41,674.83,182.15
19-Jul,468.31,38.38,327.18,289.78,1009.69,1246.78,293.49,271.02,367.44,994.21,1700.51,1504.20,663.03,877.13,1373.11,157.14,188.59,1783.38,151.73,154.05,545.13,887.69,250.34,911.43,135.76,140.09,971.74,1763.72,193.56,447.40,217.22,203.44,314.56,277.38,305.93,356.10,137.48,812.22,927.61,203.55,485.05,667.97,170.85
19-Aug,461.89,40.57,307.27,273.71,1007.39,1244.23,301.36,275.40,366.22,1008.32,1712.11,1515.95,685.16,891.87,1379.51,156.98,186.61,1770.45,154.10,167.34,557.44,907.70,271.48,914.58,138.26,142.00,979.84,1768.23,206.04,454.62,225.04,210.27,310.03,272.77,309.27,356.61,137.61,833.59,949.05,223.86,491.41,663.26,190.04
19-Sep,456.81,41.30,318.99,285.74,1021.84,1257.58,302.59,275.89,370.30,1002.53,1709.80,1499.70,670.87,874.72,1381.57,159.61,186.15,1901.64,154.55,172.23,557.51,913.41,268.57,921.47,141.75,142.19,978.23,1762.50,203.54,457.49,220.42,204.02,322.10,290.16,326.40,371.13,142.00,813.43,952.31,227.50,486.90,664.02,190.23
19-Oct,462.46,40.51,308.93,292.00,1025.69,1281.59,296.56,278.66,371.89,1004.38,1697.55,1494.81,659.60,880.90,1397.91,159.51,187.44,1993.98,162.42,175.57,562.59,925.05,264.29,938.02,142.25,138.74,979.20,1741.27,202.88,464.70,208.69,200.11,340.27,303.69,339.78,382.57,138.46,815.55,956.75,233.38,502.34,675.30,179.75
19-Nov,463.91,41.18,307.30,284.65,1026.24,1293.00,299.59,280.51,396.86,1027.76,1723.23,1501.28,686.71,893.00,1423.23,157.21,183.56,2008.39,160.06,181.32,580.03,956.79,289.23,951.67,149.63,151.65,1002.74,1756.42,226.06,466.93,218.01,203.49,384.04,344.01,378.50,445.45,146.58,859.55,975.39,251.21,512.53,673.48,203.20
19-Dec,457.80,40.72,299.48,281.60,1045.86,1292.52,304.06,277.79,406.94,1043.41,1732.45,1507.39,699.06,915.62,1444.94,157.89,184.80,1995.58,159.39,183.26,580.45,969.60,304.46,953.29,151.88,153.00,1010.99,1774.96,240.55,469.43,213.04,204.30,390.18,345.94,381.68,459.90,147.46,884.07,981.21,263.90,516.29,676.20,206.82
20-Jan,454.17,40.17,285.61,268.80,1031.53,1289.80,302.45,276.26,409.31,1025.13,1720.55,1502.48,685.98,909.31,1454.59,157.11,185.63,1983.14,159.64,182.19,571.88,964.40,281.09,946.05,148.86,149.62,1000.41,1758.76,225.83,457.59,206.17,197.06,382.21,338.58,381.42,453.24,141.23,870.06,962.96,237.22,515.48,672.79,193.04
20-Feb,448.26,39.29,276.30,255.25,1035.38,1279.60,303.06,275.20,404.32,1022.84,1713.30,1496.07,684.50,922.52,1440.71,150.54,183.81,1948.59,159.33,186.35,572.36,961.21,286.21,932.21,150.15,151.53,992.95,1764.13,231.60,457.31,207.82,201.83,377.69,334.11,373.16,444.04,141.34,863.29,948.14,241.78,520.95,668.01,189.53
20-Mar,461.15,39.90,267.81,241.74,1025.48,1276.10,304.60,278.79,390.54,1027.30,1711.32,1501.97,691.70,920.52,1432.95,153.37,183.12,1941.04,164.60,192.41,583.22,960.69,301.24,928.27,150.78,150.97,991.44,1742.72,236.36,451.37,220.91,218.05,369.89,313.10,368.36,438.66,149.46,854.86,960.47,255.33,530.85,674.14,206.12
20-Apr,476.72,41.54,277.05,250.33,1047.12,1307.68,316.55,288.45,408.05,1048.90,1724.52,1524.80,711.61,935.60,1447.58,160.98,190.17,1958.10,190.23,211.83,601.03,987.10,309.85,953.14,165.83,166.42,1004.18,1762.88,227.59,464.08,236.49,230.20,393.34,342.49,394.56,471.84,153.89,870.49,986.88,277.00,551.92,692.60,230.09
20-May,462.46,40.84,277.49,251.43,1053.47,1306.47,315.00,285.17,405.58,1044.13,1709.24,1523.47,701.66,929.24,1445.67,161.16,190.00,1944.56,196.16,222.25,601.14,994.47,304.60,959.22,167.88,169.75,997.39,1751.08,221.40,463.50,226.36,218.81,389.77,344.91,392.54,463.21,154.62,860.95,1004.66,278.23,554.77,698.45,236.90
20-Jun,472.83,42.18,289.89,259.39,1069.85,1317.04,320.10,284.51,420.31,1058.90,1722.18,1529.88,712.19,948.24,1455.32,162.85,191.71,1950.47,214.73,241.58,620.31,1008.23,324.81,976.99,178.26,181.90,1005.84,1744.34,233.24,473.75,245.86,238.58,394.57,347.54,400.73,479.74,171.94,872.94,1018.79,294.46,568.50,707.31,250.70
20-Jul,474.12,42.45,300.26,268.38,1075.68,1330.83,318.56,287.74,426.36,1061.25,1677.22,1536.03,715.89,953.89,1466.13,163.74,193.03,1955.54,222.47,255.10,623.09,1005.46,328.07,989.44,190.00,191.64,1009.02,1743.76,238.65,486.25,245.04,237.18,405.97,362.97,410.69,490.44,177.17,872.74,1021.08,304.01,576.89,712.95,256.44
20-Aug,478.97,42.78,305.43,274.80,1064.27,1339.74,312.74,283.97,429.81,1056.58,1711.18,1526.12,724.19,940.13,1466.66,162.23,194.11,1948.12,224.53,253.02,626.69,1005.58,320.45,997.01,189.53,192.43,1002.45,1742.48,241.97,499.67,242.78,233.50,413.13,375.08,415.43,501.71,173.11,855.50,1022.70,289.86,583.76,718.39,256.06
20-Sep,480.76,42.90,312.66,284.87,1070.44,1351.66,318.11,291.04,442.77,1053.62,1718.53,1529.47,715.44,962.13,1477.56,163.80,195.58,1931.95,235.77,263.57,633.39,1022.67,309.10,1004.58,196.98,201.33,1006.22,1751.89,244.75,505.32,244.37,236.28,425.79,390.68,423.04,516.13,165.30,858.54,1032.75,286.92,589.28,730.23,245.62
20-Oct,487.81,43.72,326.88,300.37,1083.35,1380.14,322.61,298.73,452.21,1063.50,1728.81,1535.50,720.50,972.26,1479.87,164.35,195.03,1932.96,244.96,275.01,646.04,1028.48,318.96,1015.06,202.24,204.73,1016.97,1760.90,270.60,515.26,240.64,225.83,434.41,400.47,434.96,530.32,163.51,869.77,1051.36,307.63,602.96,740.89,242.87
20-Nov,494.72,44.75,334.66,308.36,1081.17,1393.77,328.52,307.01,462.55,1066.15,1725.47,1537.30,729.14,978.41,1479.84,166.06,197.45,1936.97,241.25,268.05,656.76,1014.92,319.48,1028.03,204.95,204.38,1021.72,1750.96,379.39,542.85,238.94,216.19,450.09,404.61,444.94,549.98,160.89,869.15,1052.31,316.16,630.86,749.99,236.25
20-Dec,499.55,45.40,336.24,309.07,1083.14,1405.72,327.17,304.51,467.64,1068.19,1728.47,1534.92,729.50,977.67,1482.61,167.48,196.70,1939.17,238.65,263.27,664.78,1011.83,320.01,1030.59,205.63,207.51,1025.40,1749.89,372.25,552.22,233.84,213.48,448.71,405.64,443.03,550.94,154.98,868.87,1057.97,310.10,639.88,749.80,233.48
21-Jan,510.84,46.21,337.09,316.92,1091.82,1421.14,327.96,306.74,465.64,1069.52,1726.21,1536.50,729.71,967.46,1479.84,169.61,197.39,1927.54,243.76,265.55,672.42,1021.00,325.13,1031.11,210.74,214.68,1023.35,1758.18,356.29,564.31,230.32,212.35,448.70,401.41,442.17,551.57,148.32,868.65,1066.88,289.66,654.79,757.97,234.67
21-Feb,518.30,47.35,351.68,331.48,1113.39,1435.87,326.61,308.07,462.42,1073.34,1728.66,1532.05,754.58,979.29,1512.67,172.35,195.20,1919.18,259.59,282.79,676.87,1042.66,319.25,1030.64,222.86,229.76,1038.13,1753.09,297.83,585.01,237.04,221.08,442.09,391.01,444.17,537.37,145.86,891.21,1062.07,269.18,667.43,758.55,242.82
21-Mar,524.47,48.43,368.98,346.38,1130.80,1456.03,332.30,310.19,466.30,1084.84,1723.52,1532.21,765.80,992.30,1513.44,172.92,197.51,1926.86,274.03,293.97,667.67,1047.03,316.05,1034.27,233.92,237.60,1043.24,1755.92,285.23,578.17,243.13,228.18,443.23,393.92,443.36,544.21,152.53,911.83,1069.28,267.45,668.33,766.11,244.82
21-Apr,530.40,49.14,378.82,359.64,1145.32,1481.24,332.95,306.16,472.19,1097.61,1735.54,1539.67,784.04,1003.54,1499.99,176.43,199.20,1928.22,276.33,299.18,689.19,1059.10,312.37,1053.54,233.48,238.52,1044.44,1743.40,294.84,578.86,253.02,243.37,442.39,399.07,441.85,540.58,157.76,910.30,1091.20,277.26,672.70,770.58,252.80
21-May,541.53,49.99,439.22,407.23,1173.05,1513.43,337.83,310.81,470.16,1116.02,1755.26,1550.99,801.03,1026.76,1515.16,176.89,201.65,1944.80,301.88,318.70,703.36,1076.34,325.15,1083.71,248.86,256.28,1063.85,1769.93,307.53,593.36,265.66,256.13,445.23,397.80,441.49,544.09,172.63,927.54,1115.80,303.51,686.67,785.87,269.98
21-Jun,556.47,51.22,471.24,431.79,1220.33,1567.26,355.78,324.03,472.07,1140.68,1773.60,1566.60,809.24,1042.61,1540.76,180.07,207.68,1982.87,324.26,338.99,728.43,1106.05,356.44,1117.21,262.80,271.40,1087.71,1778.91,315.63,609.21,273.07,269.17,449.42,401.82,447.62,557.98,191.27,949.72,1151.08,335.46,712.95,803.90,287.54
21-Jul,577.55,52.73,485.44,444.21,1262.10,1660.76,361.11,335.67,477.08,1174.02,1837.44,1592.90,819.03,1080.13,1575.11,184.48,209.48,2049.66,329.20,347.70,768.81,1161.01,380.21,1201.57,275.82,280.63,1815.27,1144.76,322.08,635.31,296.05,277.73,462.35,411.97,456.00,552.80,199.86,1017.38,1327.44,414.83,739.32,830.60,308.72
21-Aug,585.64,53.20,496.03,457.98,1274.20,1698.18,366.69,342.78,477.39,1204.60,1868.95,1603.89,830.17,1109.63,1593.15,187.54,213.09,2091.34,323.01,341.81,812.70,1195.15,366.63,1249.86,270.79,275.28,1175.81,1833.68,302.88,668.71,290.96,270.70,468.77,409.97,460.33,546.71,195.87,1051.63,1375.61,396.38,769.45,869.64,305.48
21-Sep,604.99,54.62,492.13,461.59,1320.73,1768.14,384.73,351.95,473.75,1232.25,1879.83,1599.30,849.92,1125.99,1596.24,187.31,216.71,2109.81,301.58,322.44,844.42,1208.67,358.63,1280.77,264.59,266.98,1191.93,1844.74,298.94,709.50,284.90,256.22,463.04,410.01,454.28,546.77,192.07,1067.47,1426.42,342.25,812.94,911.88,306.87
21-Oct,614.89,55.49,478.76,464.74,1339.77,1768.78,382.77,359.60,475.54,1242.54,1892.34,1621.30,860.72,1144.01,1604.24,189.77,217.52,2128.91,292.57,321.57,852.32,1209.04,367.85,1284.86,266.23,267.45,1189.15,1851.16,306.07,727.21,287.89,261.59,465.64,415.03,463.38,553.23,192.14,1074.97,1424.58,347.47,825.46,912.72,313.05
21-Nov,629.82,57.35,490.19,476.76,1366.24,1812.03,404.20,366.46,480.65,1276.58,1946.38,1664.65,882.77,1179.82,1636.80,195.70,234.93,2164.76,302.28,329.21,890.15,1236.35,403.68,1318.90,272.42,273.90,1219.44,1898.13,340.99,775.11,284.47,260.72,469.53,421.02,476.67,568.75,202.25,1101.38,1451.35,349.60,876.47,950.60,327.53
21-Dec,635.16,57.82,494.83,480.79,1385.96,1846.39,407.97,372.06,480.23,1284.34,1973.64,1673.32,883.89,1197.57,1647.57,199.31,234.80,2256.81,299.51,330.47,923.68,1250.06,414.84,1322.24,275.14,274.39,1243.91,1927.89,346.96,795.57,285.62,261.15,476.44,424.62,477.03,571.62,214.44,1116.88,1463.60,357.03,896.39,967.46,328.75
22-Jan,644.33,58.28,498.85,481.47,1415.77,1864.70,418.65,383.51,486.70,1381.44,2055.60,1685.98,897.62,1209.62,1664.33,201.61,239.21,2275.78,307.53,336.33,941.10,1275.90,429.80,1381.84,280.66,280.44,1256.25,2305.65,368.10,805.45,288.51,262.51,480.53,430.21,477.33,579.16,217.78,1124.04,1450.73,367.01,920.76,974.87,331.24
22-Feb,654.90,59.82,509.65,497.54,1440.70,1919.52,438.03,400.83,496.57,1330.07,2050.31,1710.36,911.93,1222.77,1703.59,205.13,245.28,2351.31,313.27,339.72,971.01,1298.02,430.54,1372.65,287.60,289.70,1282.31,1983.75,378.26,825.51,292.54,268.52,492.81,436.58,487.43,594.80,227.23,1144.68,1498.81,393.08,950.46,1021.66,339.76
22-Mar,669.65,61.75,528.52,504.65,1504.46,1963.63,449.46,412.83,502.57,1341.71,2074.48,1728.21,922.11,1237.88,1710.87,208.73,250.17,2386.95,317.35,338.82,997.77,1322.77,440.97,1392.31,295.66,296.68,1307.40,2050.29,375.43,845.52,301.06,326.04,498.68,440.99,486.74,606.44,226.88,1167.25,1520.65,408.82,972.37,1042.82,354.89
22-Apr,678.91,64.00,530.62,519.05,1508.08,2026.85,450.51,412.25,513.50,1379.18,2117.29,1751.46,932.42,1250.07,1730.64,216.77,253.85,2380.81,318.74,335.19,1007.68,1337.70,448.38,1414.15,305.69,304.35,1305.07,2041.14,380.94,842.75,306.75,337.47,504.20,440.26,494.88,612.25,227.74,1176.90,1554.35,426.54,981.16,1047.74,361.20
22-May,676.92,102.47,526.90,513.89,1524.81,1971.66,445.62,407.04,544.89,1422.50,2286.28,1789.21,979.73,1285.16,1776.59,326.62,360.89,2350.48,366.65,342.15,1064.05,1380.35,479.72,1453.51,319.45,316.97,1237.54,1955.31,387.50,860.13,324.57,351.20,490.41,479.95,534.68,628.96,240.23,1215.34,1603.57,438.69,1014.74,1075.30,384.06
22-Jun,700.99,72.76,586.51,534.84,1551.90,2013.43,504.57,434.06,529.04,1430.75,2198.37,1802.76,989.65,1309.38,1752.98,237.32,269.23,2443.06,364.63,376.41,1089.35,1379.28,489.42,1480.38,328.84,325.17,1334.60,2073.76,406.40,886.81,334.00,309.24,532.49,474.51,543.12,665.07,251.01,1201.12,1613.63,468.92,1041.17,1092.92,402.31
22-Jul,702.48,69.17,547.75,532.97,1547.36,2063.08,473.47,435.39,521.73,1389.01,2117.90,1742.70,961.35,1273.91,1759.93,226.32,268.54,2423.34,314.66,336.66,1049.79,1383.42,473.31,1456.48,306.74,308.23,1292.74,2044.82,386.51,867.23,325.39,301.10,512.41,455.49,506.67,632.93,244.12,1162.97,1594.37,435.05,1014.17,1065.91,379.50
22-Aug,733.58,73.32,545.61,517.23,1610.31,2141.18,488.14,454.07,521.08,1436.69,2169.89,1797.25,997.84,1330.28,1816.81,240.07,283.42,2531.52,305.92,341.37,1087.64,1438.68,482.02,1506.99,299.42,306.96,1344.18,2113.21,435.38,896.63,334.92,311.82,535.36,454.10,520.18,654.26,248.55,1193.48,1648.75,430.93,1049.49,1106.76,403.63
22-Sep,752.37,75.07,556.81,543.15,1651.20,2199.37,511.74,477.58,538.98,1458.60,2190.57,1826.49,1020.03,1338.82,1853.58,251.65,295.29,2569.63,309.69,345.17,1113.33,1483.66,484.33,1538.17,302.00,305.22,1362.96,2158.12,397.18,927.34,345.90,323.38,552.46,471.42,532.42,668.53,255.24,1216.74,1671.45,445.12,1075.89,1121.28,409.23
22-Oct,775.14,77.64,564.69,547.39,1696.58,2266.24,523.16,482.47,538.19,1480.34,2193.55,1820.82,1029.95,1348.07,1836.31,265.87,314.29,2601.00,317.90,355.77,1159.34,1495.29,508.13,1537.04,304.55,307.62,1358.46,2161.14,405.72,968.76,357.20,333.79,561.55,487.47,547.11,689.32,264.14,1224.79,1659.22,454.46,1106.08,1144.47,409.86
22-Nov,801.39,80.95,578.55,557.67,1757.44,2337.46,529.07,492.01,549.67,1514.27,2280.91,1871.43,1050.73,1366.61,1884.64,273.78,327.26,2651.94,325.82,360.11,1199.39,1581.43,531.25,1570.68,317.86,317.70,1377.46,2205.07,425.71,1006.64,368.88,340.78,575.75,500.80,561.12,704.13,264.90,1238.93,1694.26,455.13,1142.99,1189.74,421.08
22-Dec,825.08,83.51,586.14,568.34,1795.01,2377.29,537.89,496.35,560.70,1534.50,2311.53,1897.87,1073.41,1382.31,1910.16,281.35,340.01,2694.60,332.95,368.24,1225.46,1590.40,541.57,1597.67,323.64,329.05,1400.74,2239.16,435.93,1024.13,376.24,347.68,586.72,506.17,569.46,724.41,269.23,1255.88,1725.08,458.42,1161.76,1203.88,425.48
23-Jan,850.49,87.23,593.96,572.55,1799.54,2418.91,547.23,506.93,567.19,1535.00,2307.94,1884.00,1079.55,1390.99,1911.81,290.34,356.02,2754.45,337.52,375.87,1256.61,1601.10,543.15,1602.21,334.57,342.15,1418.36,2233.48,446.44,1044.04,384.77,353.86,598.57,514.83,578.36,744.12,273.67,1253.24,1733.57,467.04,1183.67,1236.31,431.36
23-Feb,868.73,88.03,594.15,576.93,1823.44,2445.96,553.03,514.99,570.73,1548.21,2326.07,1897.85,1088.69,1392.72,1920.99,295.74,358.41,2776.51,345.88,380.88,1270.91,1614.40,551.55,1614.89,338.14,342.95,1432.14,2245.35,450.07,1066.14,386.65,355.88,602.09,520.84,584.55,745.96,279.02,1271.86,1744.35,468.09,1196.68,1247.42,436.41
23-Mar,891.54,88.22,596.96,576.20,1856.19,2479.61,561.21,518.14,584.95,1566.34,2352.15,1921.31,1108.61,1413.20,1949.98,300.11,369.15,2827.60,353.16,391.38,1292.55,1641.96,557.06,1651.54,339.79,343.92,1442.91,2256.48,444.37,1086.70,400.43,366.44,613.29,530.08,597.50,765.15,278.36,1279.93,1781.66,466.60,1220.62,1275.23,443.02
23-Apr,915.41,88.17,615.67,584.42,1887.27,2495.69,577.41,536.00,601.61,1589.12,2379.97,1937.26,1115.29,1428.71,1983.19,308.66,378.82,2853.16,362.50,399.78,1317.50,1669.58,567.29,1660.03,346.67,349.46,1466.24,2287.83,446.79,1092.35,412.39,372.89,631.50,546.76,609.57,781.50,286.26,1276.12,1796.46,485.10,1239.58,1295.17,444.69
23-May,933.38,89.17,629.75,599.74,1914.92,2520.52,596.11,550.65,612.05,1610.63,2424.73,1963.22,1133.87,1462.35,2026.13,317.51,384.19,2889.99,371.42,401.59,1330.35,1693.09,585.10,1696.22,350.82,359.52,1482.21,2300.90,453.86,1109.17,425.79,386.74,640.36,555.18,615.32,793.01,297.35,1303.98,1819.26,498.34,1263.00,1315.31,457.25
23-Jun,986.81,91.46,651.12,622.79,2055.18,2663.83,634.16,593.56,645.51,1694.85,2491.26,2049.64,1206.75,1547.04,2129.13,365.73,444.93,3063.37,403.15,429.11,1387.64,1760.76,623.75,1767.02,378.71,388.25,1562.36,2388.39,491.04,1174.20,450.19,408.69,677.16,608.20,667.51,839.84,318.53,1383.16,1900.12,547.28,1322.24,1380.45,510.77
23-Jul,1006.64,93.01,673.53,652.61,2128.19,2758.13,651.78,607.27,679.22,1761.38,2559.26,2108.93,1234.71,1566.20,2181.12,401.68,485.80,3098.34,429.89,459.70,1419.79,1806.00,643.47,1803.23,536.74,537.36,1611.84,2438.01,502.73,1208.62,585.78,549.94,706.59,653.49,699.06,869.77,339.63,1437.84,1959.41,557.96,1365.17,1419.14,539.41
23-Aug,1031.55,95.10,692.95,668.22,2158.12,2799.51,684.85,641.88,719.77,1800.63,2650.00,2162.49,1281.55,1598.87,2226.93,431.28,499.58,3144.10,456.32,484.22,1470.64,1830.79,673.96,1848.43,580.09,583.72,1667.35,2535.05,513.29,1238.56,593.24,556.94,774.42,738.74,788.24,957.47,360.53,1479.30,1997.63,554.37,1389.14,1487.88,576.39
23-Sep,1047.47,96.00,716.97,691.46,2174.24,2816.91,708.36,661.75,752.97,1823.06,2684.94,2196.10,1308.82,1630.58,2248.21,444.18,508.39,3176.69,467.89,496.17,1496.17,1870.34,687.87,1876.82,566.93,563.87,1680.93,2566.09,515.59,1262.67,586.43,543.97,797.98,757.06,806.91,982.07,359.70,1501.36,2045.95,565.69,1414.01,1515.88,593.83
23-Oct,1112.22,103.93,790.01,770.13,2557.80,2948.03,760.82,736.68,811.83,2013.31,3045.57,2420.00,1470.99,1772.63,3280.54,457.26,511.77,3394.09,520.35,540.87,1604.23,1998.20,829.14,2034.95,548.96,538.85,1860.80,2763.21,592.80,1322.55,627.50,610.34,847.08,819.42,897.49,1016.12,403.02,1701.30,2172.99,675.91,1489.74,1727.28,687.68
23-Nov,1202.18,110.10,838.85,800.49,2630.02,3029.50,814.53,795.83,940.16,2231.23,3276.63,2816.48,1791.10,2046.50,2750.91,469.73,526.83,3645.89,548.95,581.09,1738.96,2222.99,872.63,2205.04,557.33,559.18,2131.01,2982.69,683.78,1370.16,693.65,694.69,916.69,867.18,936.25,1137.40,490.80,1979.77,2418.17,758.65,1610.18,1884.62,772.72
23-Dec,1254.90,110.04,870.67,829.86,2696.88,3146.94,855.05,815.11,1002.10,2347.41,3357.51,2869.40,1950.54,2264.87,2863.97,487.94,542.00,3771.41,568.72,598.75,1806.95,2303.96,1006.36,2266.19,577.77,589.75,2214.58,3137.50,971.86,1425.32,757.99,746.04,972.46,917.93,991.08,1226.29,551.92,2059.53,2512.16,814.16,1709.55,1976.59,818.92
24-Jan,1309.75,116.41,976.58,921.38,2898.12,3315.78,904.02,865.28,1107.45,2497.37,3541.14,3078.91,2052.10,2506.81,3036.87,519.32,575.78,4007.58,600.69,624.21,1880.97,2400.76,1051.77,2457.96,633.91,641.35,2380.44,3411.90,881.20,1456.72,810.67,811.95,1086.80,1021.79,1132.87,1322.01,615.47,2214.43,2628.51,845.26,1782.77,2042.98,901.94
24-Feb,1486.69,139.28,1177.93,1156.82,3115.01,3654.56,1047.86,996.55,1338.97,2758.38,3841.66,3267.36,2313.50,2751.90,3278.53,565.64,636.00,4370.78,723.45,753.56,2008.99,2605.69,1130.63,2711.77,729.45,724.22,2651.60,3668.28,915.61,1561.46,846.50,858.99,1274.72,1222.97,1361.48,1549.50,672.83,2445.26,2883.07,937.85,1878.81,2277.59,1009.56
24-Mar,1621.10,147.92,1234.40,1192.22,3530.42,4309.16,1109.15,1054.67,1525.75,3043.44,4048.06,3370.59,2440.35,2992.37,3493.99,611.09,669.71,4564.58,749.89,804.01,2165.29,2787.70,1254.45,2972.11,757.86,758.09,2820.27,3830.35,938.87,1565.90,947.35,933.16,1378.84,1340.74,1438.07,1633.94,689.47,2728.63,3124.04,959.68,2003.65,2477.63,1068.78
24-Apr,1680.51,150.85,1387.90,1313.48,3821.74,4711.65,1141.36,1092.40,1552.18,3140.53,4176.47,3442.79,2660.90,3330.30,3653.35,643.11,725.74,4829.13,851.81,909.77,2231.82,2912.03,1413.57,3224.99,797.61,798.53,2945.50,3928.20,1018.83,1634.05,1009.05,1000.41,1487.91,1399.34,1535.83,1771.56,807.35,2828.87,3395.05,1123.41,2078.21,2573.25,1130.37
24-May,1786.66,160.31,2009.23,1847.84,4145.09,5137.52,1308.12,1216.32,1738.21,3418.73,4553.42,3604.96,2907.33,3561.64,3945.73,691.16,783.98,5032.04,1114.72,1184.35,2351.91,3069.32,1595.07,3404.62,950.16,957.98,3234.69,4225.06,1168.91,1683.03,1106.33,1139.02,1613.56,1608.89,1702.85,1984.88,903.22,3148.33,3577.48,1479.69,2230.97,3001.59,1322.36
24-Jun,1935.69,168.51,2292.76,2153.87,4459.52,5400.54,1378.34,1289.13,1828.84,3615.19,4748.86,3739.52,3088.80,3756.89,4006.47,720.26,801.49,5240.60,1135.51,1213.98,2564.89,3159.10,2423.27,3617.59,1002.22,1024.69,3477.68,4288.77,1547.78,1842.27,1417.13,1325.63,1735.88,1702.74,1831.49,2104.15,976.96,3389.29,3802.00,2302.26,2405.14,3157.75,2021.55
24-Jul,2170.17,185.10,2444.81,2309.53,4521.29,5441.07,1427.25,1335.83,2038.36,3926.12,5110.20,4046.89,3110.55,3852.70,4301.50,748.75,851.07,5425.90,1151.79,1218.68,2665.11,3362.10,1781.01,3865.42,1029.30,1038.91,3739.50,4492.21,1273.75,1855.42,1497.39,1430.83,1756.79,1766.64,1844.32,2191.06,970.50,3648.87,4165.90,1693.83,2478.95,3259.82,1802.84
24-Aug,2289.19,198.63,2574.63,2425.92,4660.62,5553.80,1459.85,1380.36,2234.06,3934.23,5099.07,4155.84,3163.16,3954.08,4404.35,786.05,893.38,5507.61,1124.40,1170.65,2726.24,3532.51,1650.74,3941.59,1028.33,1037.45,3834.68,4669.23,1201.09,1884.81,1492.63,1450.32,1882.39,1831.05,1924.76,2329.05,850.31,3711.36,4235.56,1506.35,2552.11,3485.34,1661.80
24-Sep,2487.04,219.64,2738.59,2579.02,4750.39,5633.60,1528.19,1430.57,2359.47,4060.29,5381.17,4195.26,3243.77,4062.96,4565.93,818.74,935.49,5759.80,1170.25,1238.15,2835.49,3642.94,1662.81,4046.99,1065.14,1065.33,3994.40,5024.88,1207.27,2070.62,1500.43,1511.09,1965.64,1914.77,1998.39,2403.86,870.15,3850.97,4416.93,1430.87,2607.67,3570.75,1668.49
